{
  "0": {
    "0": 17.368750989437103,
    "1": 9.929764300584793,
    "2": 11.28472089767456,
    "3": 12.646358251571655,
    "4": 11.6514253616333,
    "5": 17.156147807836533,
    "6": 13.813535928726196,
    "7": 11.705087780952454
  },
  "1": {
    "0": 8.47012285888195,
    "1": 10.056529238820076,
    "2": 7.251892685890198,
    "3": 9.928218141198158,
    "4": 7.45157565176487,
    "5": 6.939154028892517,
    "6": 7.243383288383484,
    "7": 6.124192863702774
  },
  "2": {
    "0": 5.034522831439972,
    "1": 6.886842921376228,
    "2": 7.471459239721298,
    "3": 8.89022870361805,
    "4": 6.298115327954292,
    "5": 7.296784624457359,
    "6": 7.103528022766113,
    "7": 4.726492494344711
  },
  "3": {
    "0": 8.13904844224453,
    "1": 4.066396467387676,
    "2": 9.419044405221939,
    "3": 4.112014129757881,
    "4": 8.374512821435928,
    "5": 7.703157618641853,
    "6": 9.217954352498055,
    "7": 5.801853761076927
  },
  "4": {
    "0": 5.843644961714745,
    "1": 5.592499673366547,
    "2": 7.282453387975693,
    "3": 5.966728836297989,
    "4": 6.402045115828514,
    "5": 7.411856189370155,
    "6": 7.796614363789558,
    "7": 10.083232134580612
  },
  "5": {
    "0": 12.108446627855301,
    "1": 7.849586263298988,
    "2": 6.804001003503799,
    "3": 6.498394384980202,
    "4": 6.705928087234497,
    "5": 9.350609928369522,
    "6": 5.336340099573135,
    "7": 8.687266692519188
  },
  "6": {
    "0": 9.908050537109375,
    "1": 7.7660273015499115,
    "2": 20.652762174606323,
    "3": 12.100047677755356,
    "4": 12.227604478597641,
    "5": 9.36962178349495,
    "6": 10.856277793645859,
    "7": 12.278831630945206
  },
  "7": {
    "0": 19.032226413488388,
    "1": 2.0496713519096375,
    "2": 4.841474957764149,
    "3": 9.073942735791206,
    "4": 8.925135225057602,
    "5": 4.143413789570332,
    "6": 13.929020822048187,
    "7": 7.703343376517296
  },
  "8": {
    "0": 14.651260733604431,
    "1": 13.567688226699829,
    "2": 12.157611936330795,
    "3": 12.052105039358139,
    "4": 6.30305090546608,
    "5": 6.3651193380355835,
    "6": 12.91019582748413,
    "7": 12.782042622566223
  },
  "9": {
    "0": 14.34332001209259,
    "1": 13.655260413885117,
    "2": 4.058633677661419,
    "3": 18.722598433494568,
    "4": 3.8382996395230293,
    "5": 14.76985615491867,
    "6": 8.384149044752121,
    "7": 3.258139818906784
  },
  "10": {
    "0": 14.617666453123093,
    "1": 12.427684038877487,
    "2": 20.560714900493622,
    "3": 15.46756824851036,
    "4": 10.78443431854248,
    "5": 15.572952449321747,
    "6": 10.808820962905884,
    "7": 17.965321332216263
  },
  "11": {
    "0": 16.106228411197662,
    "1": 16.58473116159439,
    "2": 5.375435754656792,
    "3": 13.486231297254562,
    "4": 11.636324673891068,
    "5": 8.75770589709282,
    "6": 13.307374894618988,
    "7": 7.140562102198601
  },
  "12": {
    "0": 14.623051762580872,
    "1": 13.035991430282593,
    "2": 16.638024896383286,
    "3": 14.906934052705765,
    "4": 22.540028393268585,
    "5": 7.142307728528976,
    "6": 22.05038285255432,
    "7": 7.423233896493912
  },
  "13": {
    "0": 14.286359906196594,
    "1": 16.16422939300537,
    "2": 6.642303541302681,
    "3": 2.4007738456130028,
    "4": 17.524984508752823,
    "5": 14.00847241282463,
    "6": 8.75684954226017,
    "7": 3.841109775006771
  },
  "14": {
    "0": 24.708872318267822,
    "1": 32.64697861671448,
    "2": 22.68428772687912,
    "3": 22.97593116760254,
    "4": 14.68251696228981,
    "5": 52.25449979305267,
    "6": 20.69364583492279,
    "7": 24.341876983642578
  },
  "15": {
    "0": 10.588129609823227,
    "1": 9.296616017818451,
    "2": 7.525248557329178,
    "3": 5.31336584687233,
    "4": 9.901447832584381,
    "5": 17.90527069568634,
    "6": 25.494866728782654,
    "7": 16.110195130109787
  },
  "16": {
    "0": 10.698960274457932,
    "1": 16.007688581943512,
    "2": 6.717406928539276,
    "3": 5.972216755151749,
    "4": 21.12856435775757,
    "5": 18.878467857837677,
    "6": 5.924890071153641,
    "7": 7.996279418468475
  },
  "17": {
    "0": 14.279707670211792,
    "1": 8.807932242751122,
    "2": 7.589939892292023,
    "3": 5.585393086075783,
    "4": 5.14955398440361,
    "5": 4.814119383692741,
    "6": 6.264268979430199,
    "7": 10.80516192317009
  },
  "18": {
    "0": 8.04513867199421,
    "1": 5.009472474455833,
    "2": 6.606318429112434,
    "3": 8.216366857290268,
    "4": 7.362494185566902,
    "5": 5.636444568634033,
    "6": 9.00214709341526,
    "7": 10.046701818704605
  },
  "19": {
    "0": 7.499377459287643,
    "1": 9.30244842171669,
    "2": 6.2628104239702225,
    "3": 6.742359355092049,
    "4": 6.553877264261246,
    "5": 6.282593369483948,
    "6": 7.15785351395607,
    "7": 4.8038125559687614
  },
  "20": {
    "0": 5.863066539168358,
    "1": 5.769378632307053,
    "2": 7.820723667740822,
    "3": 11.53961056470871,
    "4": 4.395569771528244,
    "5": 7.019137755036354,
    "6": 3.4986278861761093,
    "7": 5.133697524666786
  },
  "21": {
    "0": 7.212748885154724,
    "1": 4.050349697470665,
    "2": 9.096431463956833,
    "3": 3.444144457578659,
    "4": 2.1782323829829693,
    "5": 4.97766450047493,
    "6": 4.531145840883255,
    "7": 2.5241620391607285
  }
}