{
    "hit@1": 0.03,
    "hit@5": 0.136,
    "hit@10": 0.241,
    "ndcg_linear@1": 0.03,
    "ndcg_linear@5": 0.08312674706912819,
    "ndcg_linear@10": 0.11678206673278865,
    "ndcg_exponential@1": 0.03,
    "ndcg_exponential@5": 0.08312674706912819,
    "ndcg_exponential@10": 0.11678206673278865,
    "precision@1": 0.03,
    "precision@5": 0.027200000000000002,
    "precision@10": 0.0241,
    "recall@1": 0.03,
    "recall@5": 0.136,
    "recall@10": 0.241,
    "f1@1": 0.03,
    "f1@5": 0.045333333333333344,
    "f1@10": 0.04381818181818182,
    "map@1": 0.03,
    "map@5": 0.06586666666666667,
    "map@10": 0.07958055555555554,
    "mrr@1": 0.03,
    "mrr@5": 0.06586666666666667,
    "mrr@10": 0.07958055555555554,
    "num_pred": 1000,
    "num_data": 1000
}