{
    "hit@1": 0.631,
    "hit@5": 0.868,
    "hit@10": 0.918,
    "ndcg_linear@1": 0.631,
    "ndcg_linear@5": 0.7615485302754675,
    "ndcg_linear@10": 0.7777044857466205,
    "ndcg_exponential@1": 0.631,
    "ndcg_exponential@5": 0.7615485302754675,
    "ndcg_exponential@10": 0.7777044857466205,
    "precision@1": 0.631,
    "precision@5": 0.17360000000000003,
    "precision@10": 0.0918,
    "recall@1": 0.631,
    "recall@5": 0.868,
    "recall@10": 0.918,
    "f1@1": 0.631,
    "f1@5": 0.2893333333333334,
    "f1@10": 0.16690909090909087,
    "map@1": 0.631,
    "map@5": 0.7257166666666667,
    "map@10": 0.7323742063492064,
    "mrr@1": 0.631,
    "mrr@5": 0.7257166666666667,
    "mrr@10": 0.7323742063492064,
    "num_pred": 1000,
    "num_data": 1000
}