{
    "hit@1": 0.606,
    "hit@5": 0.854,
    "hit@10": 0.943,
    "ndcg_linear@1": 0.606,
    "ndcg_linear@5": 0.7384975027433824,
    "ndcg_linear@10": 0.7672982677989,
    "ndcg_exponential@1": 0.606,
    "ndcg_exponential@5": 0.7384975027433824,
    "ndcg_exponential@10": 0.7672982677989,
    "precision@1": 0.606,
    "precision@5": 0.1708,
    "precision@10": 0.09430000000000001,
    "recall@1": 0.606,
    "recall@5": 0.854,
    "recall@10": 0.943,
    "f1@1": 0.606,
    "f1@5": 0.2846666666666667,
    "f1@10": 0.17145454545454544,
    "map@1": 0.606,
    "map@5": 0.7000833333333334,
    "map@10": 0.711981746031746,
    "mrr@1": 0.606,
    "mrr@5": 0.7000833333333334,
    "mrr@10": 0.711981746031746,
    "num_pred": 1000,
    "num_data": 1000
}