{
    "hit@1": 0.544,
    "hit@5": 0.855,
    "hit@10": 0.938,
    "ndcg_linear@1": 0.544,
    "ndcg_linear@5": 0.713632537941923,
    "ndcg_linear@10": 0.7405819824376169,
    "ndcg_exponential@1": 0.544,
    "ndcg_exponential@5": 0.713632537941923,
    "ndcg_exponential@10": 0.7405819824376169,
    "precision@1": 0.544,
    "precision@5": 0.171,
    "precision@10": 0.09380000000000001,
    "recall@1": 0.544,
    "recall@5": 0.855,
    "recall@10": 0.938,
    "f1@1": 0.544,
    "f1@5": 0.285,
    "f1@10": 0.17054545454545456,
    "map@1": 0.544,
    "map@5": 0.6662,
    "map@10": 0.677379365079365,
    "mrr@1": 0.544,
    "mrr@5": 0.6662,
    "mrr@10": 0.677379365079365,
    "num_pred": 1000,
    "num_data": 1000
}