{
    "hit@1": 0.161,
    "hit@5": 0.437,
    "hit@10": 0.613,
    "ndcg_linear@1": 0.161,
    "ndcg_linear@5": 0.2988093978747364,
    "ndcg_linear@10": 0.356322035540881,
    "ndcg_exponential@1": 0.161,
    "ndcg_exponential@5": 0.2988093978747364,
    "ndcg_exponential@10": 0.356322035540881,
    "precision@1": 0.161,
    "precision@5": 0.08739999999999999,
    "precision@10": 0.0613,
    "recall@1": 0.161,
    "recall@5": 0.437,
    "recall@10": 0.613,
    "f1@1": 0.161,
    "f1@5": 0.1456666666666667,
    "f1@10": 0.11145454545454547,
    "map@1": 0.161,
    "map@5": 0.2538,
    "map@10": 0.2779075396825397,
    "mrr@1": 0.161,
    "mrr@5": 0.2538,
    "mrr@10": 0.2779075396825397,
    "num_pred": 1000,
    "num_data": 1000
}