{
    "hit@1": 0.186,
    "hit@5": 0.404,
    "hit@10": 0.495,
    "ndcg_linear@1": 0.186,
    "ndcg_linear@5": 0.3007501439141622,
    "ndcg_linear@10": 0.3300242703367427,
    "ndcg_exponential@1": 0.186,
    "ndcg_exponential@5": 0.3007501439141622,
    "ndcg_exponential@10": 0.3300242703367427,
    "precision@1": 0.186,
    "precision@5": 0.08079999999999998,
    "precision@10": 0.0495,
    "recall@1": 0.186,
    "recall@5": 0.404,
    "recall@10": 0.495,
    "f1@1": 0.186,
    "f1@5": 0.13466666666666668,
    "f1@10": 0.09000000000000002,
    "map@1": 0.186,
    "map@5": 0.2665166666666666,
    "map@10": 0.2785154761904762,
    "mrr@1": 0.186,
    "mrr@5": 0.2665166666666666,
    "mrr@10": 0.2785154761904762,
    "num_pred": 1000,
    "num_data": 1000
}