{
    "hit@1": 0.531,
    "hit@5": 0.758,
    "hit@10": 0.824,
    "ndcg_linear@1": 0.531,
    "ndcg_linear@5": 0.6543231352330886,
    "ndcg_linear@10": 0.6757990858038966,
    "ndcg_exponential@1": 0.531,
    "ndcg_exponential@5": 0.6543231352330886,
    "ndcg_exponential@10": 0.6757990858038966,
    "precision@1": 0.531,
    "precision@5": 0.1516,
    "precision@10": 0.0824,
    "recall@1": 0.531,
    "recall@5": 0.758,
    "recall@10": 0.824,
    "f1@1": 0.531,
    "f1@5": 0.25266666666666676,
    "f1@10": 0.14981818181818185,
    "map@1": 0.531,
    "map@5": 0.6196166666666667,
    "map@10": 0.6285535714285715,
    "mrr@1": 0.531,
    "mrr@5": 0.6196166666666667,
    "mrr@10": 0.6285535714285715,
    "num_pred": 1000,
    "num_data": 1000
}