{
    "hit@1": 0.55,
    "hit@5": 0.78,
    "hit@10": 0.854,
    "ndcg_linear@1": 0.55,
    "ndcg_linear@5": 0.6743457190004933,
    "ndcg_linear@10": 0.6983492182290378,
    "ndcg_exponential@1": 0.55,
    "ndcg_exponential@5": 0.6743457190004933,
    "ndcg_exponential@10": 0.6983492182290378,
    "precision@1": 0.55,
    "precision@5": 0.156,
    "precision@10": 0.0854,
    "recall@1": 0.55,
    "recall@5": 0.78,
    "recall@10": 0.854,
    "f1@1": 0.55,
    "f1@5": 0.26000000000000006,
    "f1@10": 0.15527272727272726,
    "map@1": 0.55,
    "map@5": 0.63895,
    "map@10": 0.6489003968253969,
    "mrr@1": 0.55,
    "mrr@5": 0.63895,
    "mrr@10": 0.6489003968253969,
    "num_pred": 1000,
    "num_data": 1000
}