{
    "hit@1": 0.176,
    "hit@5": 0.381,
    "hit@10": 0.636,
    "ndcg_linear@1": 0.176,
    "ndcg_linear@5": 0.2807879776122542,
    "ndcg_linear@10": 0.36127786345968343,
    "ndcg_exponential@1": 0.176,
    "ndcg_exponential@5": 0.2807879776122542,
    "ndcg_exponential@10": 0.36127786345968343,
    "precision@1": 0.176,
    "precision@5": 0.0762,
    "precision@10": 0.06359999999999999,
    "recall@1": 0.176,
    "recall@5": 0.381,
    "recall@10": 0.636,
    "f1@1": 0.176,
    "f1@5": 0.12700000000000003,
    "f1@10": 0.11563636363636365,
    "map@1": 0.176,
    "map@5": 0.24786666666666668,
    "map@10": 0.27995674603174603,
    "mrr@1": 0.176,
    "mrr@5": 0.24786666666666668,
    "mrr@10": 0.27995674603174603,
    "num_pred": 1000,
    "num_data": 1000
}