{
    "hit@1": 0.496,
    "hit@5": 0.765,
    "hit@10": 0.855,
    "ndcg_linear@1": 0.496,
    "ndcg_linear@5": 0.6420437283937308,
    "ndcg_linear@10": 0.671282119283325,
    "ndcg_exponential@1": 0.496,
    "ndcg_exponential@5": 0.6420437283937308,
    "ndcg_exponential@10": 0.671282119283325,
    "precision@1": 0.496,
    "precision@5": 0.153,
    "precision@10": 0.0855,
    "recall@1": 0.496,
    "recall@5": 0.765,
    "recall@10": 0.855,
    "f1@1": 0.496,
    "f1@5": 0.255,
    "f1@10": 0.15545454545454543,
    "map@1": 0.496,
    "map@5": 0.6009,
    "map@10": 0.6130480158730158,
    "mrr@1": 0.496,
    "mrr@5": 0.6009,
    "mrr@10": 0.6130480158730158,
    "num_pred": 1000,
    "num_data": 1000
}